,iters, ids, wins, newrecord, p1, p2, p3, p4, p5, p6, p7, p8
4,63,4,106,1,3.993385,110.7373,14.926824,21.495352,31.561776000000002,133.713418,20.282683,11.694822
9,64,4,63,1,3.3145089999999997,124.02577600000001,15.673166,23.214979999999997,35.980425,145.747625,21.905298000000002,10.993132000000001
14,65,4,91,1,3.480235,130.22706499999998,16.770287,20.429183,41.017684,141.375196,25.191093,11.432858
19,66,4,142,1,4.141479,115.90208700000001,15.260960999999998,18.794848,35.685385,155.51271599999998,22.923894,10.632558
21,67,1,66,1,4.886946,99.675795,14.345304,20.674332999999997,38.183362,177.284496,22.236178,11.589488000000001
28,68,3,157,1,5.42451,106.653101,15.636381,23.982226,32.455858,180.830186,22.013816000000002,10.662329
31,69,1,156,1,5.261774,107.719632,13.760015,22.30347,37.973354,157.32226200000002,20.032572000000002,11.835185000000001
36,70,1,141,1,5.945805,90.484491,14.310416,24.533817000000003,28.859749,176.20093300000002,27.845276000000002,13.492110999999998
40,71,0,174,1,5.945805,90.484491,14.310416,24.533817000000003,28.859749,176.20093300000002,27.845276000000002,13.492110999999998
49,72,4,184,1,5.767431,93.199025,14.310416,26.005846,25.107981,153.294812,23.111579000000003,15.381006
50,73,0,388,1,5.767431,93.199025,14.310416,26.005846,25.107981,153.294812,23.111579000000003,15.381006
56,74,1,111,1,6.574871000000001,83.87912299999999,12.450061999999999,25.745788,26.1123,160.959553,22.418232,17.226727
60,75,0,84,1,6.574871000000001,83.87912299999999,12.450061999999999,25.745788,26.1123,160.959553,22.418232,17.226727
65,76,0,112,1,6.574871000000001,83.87912299999999,12.450061999999999,25.745788,26.1123,160.959553,22.418232,17.226727
73,77,3,126,1,7.561102,78.007584,11.205055999999999,28.577824,26.634546000000004,173.83631699999998,25.108419,17.054459
75,78,0,100,1,7.561102,78.007584,11.205055999999999,28.577824,26.634546000000004,173.83631699999998,25.108419,17.054459
82,79,2,75,1,7.712324000000001,69.42675,11.317105999999999,32.864498,31.162419,203.388491,28.372514000000002,19.442084
85,80,0,119,1,7.712324000000001,69.42675,11.317105999999999,32.864498,31.162419,203.388491,28.372514000000002,19.442084
93,81,3,135,1,8.637803,74.98089,10.524909,37.136883000000005,32.72054,242.032304,28.372514000000002,17.303455
98,82,3,132,1,9.242449,73.481272,12.314143,43.078784000000006,35.338183,212.988427,24.400362,17.303455
101,83,1,208,1,9.612147,55.11095400000001,18.224932,56.433206999999996,38.51862,232.15738599999997,25.132373,21.110215
105,84,0,122,1,9.612147,55.11095400000001,18.224932,56.433206999999996,38.51862,232.15738599999997,25.132373,21.110215
110,85,0,53,1,9.612147,55.11095400000001,18.224932,56.433206999999996,38.51862,232.15738599999997,25.132373,21.110215
119,86,4,76,1,9.323783,50.702078,21.140921,54.175878000000004,37.363061,211.263221,21.613841,22.799032
122,87,2,133,1,9.044069,52.730160999999995,24.312059,60.135225,41.099367,183.799002,18.587903,27.130847999999997
125,88,0,178,1,9.044069,52.730160999999995,24.312059,60.135225,41.099367,183.799002,18.587903,27.130847999999997
134,89,4,175,1,10.49112,53.784764,25.527662,61.33793000000001,35.345456,180.123022,20.446693,29.843933000000003
135,90,0,164,1,10.49112,53.784764,25.527662,61.33793000000001,35.345456,180.123022,20.446693,29.843933000000003
141,91,1,92,1,12.484433000000001,51.633373,29.101535,51.523861,33.931638,153.104569,18.197557,26.262660999999998
148,92,3,120,1,14.856476,61.443714,28.228489,48.947668,31.217107000000002,177.6013,18.379533,27.313167
153,93,3,120,1,12.628003999999999,68.202523,27.381634000000002,48.458191,34.026646,165.169209,16.90917,26.493771999999996
155,94,0,216,1,12.628003999999999,68.202523,27.381634000000002,48.458191,34.026646,165.169209,16.90917,26.493771999999996
164,95,4,75,1,13.133123999999999,68.202523,31.215063,45.5507,38.790377,166.820901,16.063710999999998,28.348336
169,96,4,114,1,15.103093,62.746320999999995,35.273022,51.472291,43.445221999999994,173.493737,16.224349,25.513502
172,97,2,38,1,16.462370999999997,69.020953,39.858514,58.163688,43.445221999999994,163.084113,15.413131,22.196747
175,98,0,46,1,16.462370999999997,69.020953,39.858514,58.163688,43.445221999999994,163.084113,15.413131,22.196747
184,99,4,132,1,16.297748000000002,64.879696,46.634462,54.09223000000001,42.576316999999996,150.037384,14.642475,25.304292
185,100,0,110,1,16.297748000000002,64.879696,46.634462,54.09223000000001,42.576316999999996,150.037384,14.642475,25.304292
192,101,2,48,1,18.253477,71.367666,55.028665000000004,45.978396000000004,48.537002,132.032898,17.424545000000002,24.798206
195,102,0,132,1,18.253477,71.367666,55.028665000000004,45.978396000000004,48.537002,132.032898,17.424545000000002,24.798206
202,103,2,128,1,16.245595,69.226636,45.673792,42.300124,57.759032,132.032898,16.901808,23.558296
207,104,2,89,1,15.270859,74.0725,53.438336,41.03112,54.293490000000006,143.915859,19.775116,21.438049
211,105,1,148,1,17.866905,67.405975,53.438336,47.5961,54.836425,155.429127,18.984111,19.508625
215,106,0,120,1,17.866905,67.405975,53.438336,47.5961,54.836425,155.429127,18.984111,19.508625
220,107,0,200,1,17.866905,67.405975,53.438336,47.5961,54.836425,155.429127,18.984111,19.508625
227,108,2,140,1,20.546941,78.190931,51.835186,52.355709000000004,50.449511,160.092001,18.984111,21.069315
232,109,2,93,1,23.834452,75.845203,47.688371000000004,59.161952,43.38658,152.087401,16.326335999999998,20.015849
237,110,2,151,1,21.451006,63.709970999999996,44.827069,59.753570999999994,49.026835,168.817015,14.367175,23.81886
243,111,3,61,1,22.523557,73.26646600000001,47.068422999999996,71.10675,52.458713,194.139568,16.953267,22.627917
248,112,3,26,1,19.370259,65.93982,39.066790999999995,72.528885,58.229172,207.72933700000002,14.240744,21.270242
250,113,0,68,1,19.370259,65.93982,39.066790999999995,72.528885,58.229172,207.72933700000002,14.240744,21.270242
259,114,4,127,1,16.46472,67.918014,45.708145,81.232351,48.330213,211.88392400000004,12.24704,20.419432
262,115,2,201,1,21.074842,90.330959,56.22101899999999,82.856998,50.746722999999996,222.47812000000002,11.757158,22.665570000000002
268,116,3,230,1,21.28559,92.137578,55.65880799999999,69.599878,55.313928000000004,255.84983799999998,10.816586000000001,25.612094
273,117,3,53,1,24.478428,82.92381999999999,61.781277,73.775871,56.973346,294.22731400000004,12.763571,25.099852
278,118,3,103,1,23.254507,92.04544,64.870341,83.366734,64.94961500000001,320.70777200000003,10.976671000000001,22.338867999999998
284,119,4,171,1,24.882323,92.96589499999999,66.816451,85.03406899999999,70.145584,285.429917,10.427838000000001,20.998535999999998
287,120,2,74,1,28.614671,106.910779,76.170755,95.238157,63.131026,282.575618,11.887735000000001,21.418507
291,121,1,78,1,27.756231,122.947396,79.217585,103.809591,60.605785,276.924106,10.936716,23.988728
295,122,0,120,1,27.756231,122.947396,79.217585,103.809591,60.605785,276.924106,10.936716,23.988728
302,123,2,112,1,30.531854,115.570552,76.84105699999999,104.847687,66.060305,276.924106,12.467856,23.748841
309,124,4,178,1,25.646757,122.50478500000001,85.29357399999999,117.42941,75.969351,274.154865,12.966571,20.898979999999998
310,125,0,32,1,25.646757,122.50478500000001,85.29357399999999,117.42941,75.969351,274.154865,12.966571,20.898979999999998
317,126,2,106,1,30.006706,142.105551,87.85238100000001,98.640704,84.325979,254.96402400000002,15.041222,21.525949
323,127,3,90,1,24.905566,167.68455,86.095333,109.49118200000001,98.661396,265.16258500000004,15.342046,24.539582
327,128,2,74,1,24.407455,169.36139599999998,90.4001,116.060652,95.701554,220.084946,16.722831,25.030374
332,129,2,96,1,28.068572999999997,172.748624,100.344111,97.490948,87.088414,233.290042,18.060657,24.780070000000002
337,130,2,130,1,28.629944000000002,183.113541,112.38540400000001,98.465858,100.151676,223.95844100000002,15.351557999999999,27.505878000000003
341,131,1,99,1,30.061442,212.411708,103.394572,98.465858,95.144093,194.843843,14.430465,22.829878
347,132,2,70,1,33.668815,206.039356,105.46246299999999,91.573247,84.678242,188.998528,11.977286,24.656269
351,133,1,150,1,27.945116,183.375027,111.79021100000001,79.668725,98.226761,198.448454,10.540011999999999,22.437205
356,134,1,118,1,32.416335,168.705025,95.021679,79.668725,110.013973,216.30881499999998,9.591411,20.193483999999998
363,135,3,144,1,32.740497999999995,192.32372900000001,100.72298,86.838911,91.31159699999999,196.841022,11.030122,21.607028
365,136,0,146,1,32.740497999999995,192.32372900000001,100.72298,86.838911,91.31159699999999,196.841022,11.030122,21.607028
374,137,4,171,1,33.067903,217.32581299999998,99.71575,81.628576,88.572249,190.935791,12.133134,23.551660000000002
375,138,0,126,1,33.067903,217.32581299999998,99.71575,81.628576,88.572249,190.935791,12.133134,23.551660000000002
380,139,0,74,1,33.067903,217.32581299999998,99.71575,81.628576,88.572249,190.935791,12.133134,23.551660000000002
386,140,1,152,1,30.091791999999998,184.72694099999998,117.664585,70.200575,75.286412,210.02937000000003,12.861122,24.493727
391,141,1,187,1,27.985366,219.82506,118.84123100000001,58.266478,79.803597,199.527902,15.304735999999998,29.147534999999998
395,142,0,155,1,27.985366,219.82506,118.84123100000001,58.266478,79.803597,199.527902,15.304735999999998,29.147534999999998
403,143,3,236,1,29.944342,235.212814,123.594881,57.101147999999995,73.419309,187.556228,17.447399,33.519665
408,144,3,230,1,33.837106,225.804302,129.774625,58.243171,79.292854,191.307352,19.366613,32.514075
414,145,4,90,1,34.175477,252.90081800000002,112.90392299999999,65.232351,91.97971,170.263544,19.366613,27.636964000000003
417,146,2,89,1,28.707401,260.487842,129.839512,67.841645,95.658899,183.884627,21.690606,23.491419
421,147,1,207,1,30.429845,294.351262,110.36358500000001,65.12798000000001,106.181377,176.52924199999998,21.256794,23.961248
426,148,1,163,1,25.256771,294.351262,113.674493,73.594617,114.67588799999999,204.773921,21.469362,25.878148
432,149,2,132,1,27.782449,276.690186,153.460565,74.330563,134.170788,280.540271,23.616298,17.338359
437,150,2,46,1,29.449395000000003,268.389481,141.18372,87.710065,144.904452,311.399701,25.741765,19.245578
442,151,2,86,1,30.332877000000003,230.81495299999997,145.419232,99.112373,155.04776299999997,339.425674,25.999183,15.97383
449,152,4,84,1,30.332877000000003,246.972,171.594693,111.005858,137.992509,339.425674,25.739191,18.369905
450,153,0,66,1,30.332877000000003,246.972,171.594693,111.005858,137.992509,339.425674,25.739191,18.369905
456,154,1,122,1,33.972823,237.09312000000003,176.742534,96.575096,117.29363300000001,281.72331,28.570502,17.451408999999998
461,155,1,80,1,40.427659000000006,222.867533,151.998579,89.814839,114.94776,264.819911,31.713257000000002,18.149466
468,156,3,100,1,35.172063,187.208728,136.798721,85.32409799999999,135.638357,299.2465,27.273401,18.875444
470,157,0,159,1,35.172063,187.208728,136.798721,85.32409799999999,135.638357,299.2465,27.273401,18.875444
478,158,3,105,1,30.247974,174.104117,150.478593,100.682435,131.569206,311.21636,31.091677,17.554163
482,159,2,96,1,33.877731,184.550364,130.916376,103.702908,122.359362,361.010977,31.091677,18.958496
486,160,1,126,1,33.877731,199.314393,124.370557,87.110443,137.042485,314.07955,31.713510999999997,16.683477
491,161,1,87,1,28.796072,235.19098300000002,128.101674,80.141607,126.079086,279.5308,37.104807,19.352833
496,162,1,214,1,25.628504,239.89480299999997,114.01048999999999,77.737359,128.60066799999998,282.32610800000003,39.702144,22.255758
502,163,2,76,1,34.59848,261.485335,99.189126,61.412514,101.594528,347.261112,46.054487,27.597140000000003
506,164,1,144,1,31.138632,230.10709500000002,101.17290899999999,60.184263,99.562637,295.171946,53.88375,27.321168
510,165,0,58,1,31.138632,230.10709500000002,101.17290899999999,60.184263,99.562637,295.171946,53.88375,27.321168
516,166,1,242,1,33.941109000000004,207.09638600000002,117.360574,58.378735999999996,110.514527,339.447737,46.340025,26.501533000000002
523,167,3,104,1,28.510532,236.08988,104.450911,65.38418399999999,124.88141599999999,329.264305,44.486424,25.176457
528,168,3,170,1,33.072216999999995,195.9546,122.20756599999999,55.576556000000004,121.134973,283.167302,36.923732,27.945867
533,169,3,135,1,31.418606,172.440048,142.982852,47.240072999999995,139.30522,314.315706,36.554494,31.57883
538,170,3,73,1,36.445583,196.581655,130.114396,44.405668,156.02184599999998,311.172549,38.016674,28.736734999999996
544,171,4,90,1,42.276876,206.41073799999998,111.89838,43.961612,135.73900600000002,283.167019,32.314173,26.437796000000002
546,172,1,80,1,44.39072,183.705556,127.564153,44.401228,116.735545,319.978732,34.899307,27.230929999999997
551,173,1,125,1,46.166348,205.750223,117.359021,42.625178999999996,138.915299,367.975542,32.107362,23.963219
557,174,2,158,1,54.014628,255.130277,118.53261100000002,35.378898,148.63936999999999,294.380433,36.602393,21.806529
564,175,4,157,1,45.912434000000005,232.168552,109.050002,39.624365999999995,129.316252,309.099455,32.57613,20.498137
566,176,1,94,1,41.780315,229.846866,119.955003,35.265685999999995,148.713689,306.00846,31.924607,21.523044
570,177,0,74,1,41.780315,229.846866,119.955003,35.265685999999995,148.713689,306.00846,31.924607,21.523044
576,178,1,91,1,43.86933,222.95146,141.54690300000001,31.739116999999997,129.38091,330.489137,26.816670000000002,21.738274
581,179,1,98,1,40.798477,216.262917,142.962372,35.23042,147.494237,383.36739900000003,31.375504,19.129681
589,180,4,90,1,44.062355,315.743858,124.377264,37.344245,193.21745,383.36739900000003,42.043175,23.720805
591,181,1,155,1,47.587344,299.956665,134.32744499999998,39.958343,189.353101,414.036791,48.770083,23.009180999999998
599,182,4,118,1,51.870205,350.949298,126.267798,36.362092,179.885446,476.14230999999995,44.868477,26.000374
603,183,3,58,1,45.64578,417.629665,133.843866,41.816406,170.891174,538.04081,37.240836,26.260378000000003
607,184,2,144,1,47.471610999999996,430.158555,116.44416299999999,43.907226,179.435733,591.844891,38.358061,23.371737
612,185,2,96,1,42.249734000000004,387.1427,114.11528,50.49331,172.258303,585.926442,32.220771,23.839171
619,186,4,97,1,36.757269,429.728396,112.974127,55.037707999999995,153.30989,539.052327,37.698302000000005,26.461479999999998
622,187,2,84,1,42.638432,459.80938399999997,106.19568000000001,56.688839,130.313407,528.2712799999999,33.551489000000004,27.519939
625,188,0,118,1,42.638432,459.80938399999997,106.19568000000001,56.688839,130.313407,528.2712799999999,33.551489000000004,27.519939
634,189,4,76,1,37.52182,423.024633,105.133723,51.586843,148.557283,628.642824,32.880459,31.92313
635,190,0,68,1,37.52182,423.024633,105.133723,51.586843,148.557283,628.642824,32.880459,31.92313
640,191,0,71,1,37.52182,423.024633,105.133723,51.586843,148.557283,628.642824,32.880459,31.92313
647,192,2,69,1,42.024438,351.110446,100.928374,46.428159,158.956293,565.778541,30.578827,29.050047999999997
654,193,4,186,1,39.923216,400.265908,91.84482,50.142412,181.210174,577.094112,33.330921000000004,30.793051000000002
657,194,2,46,1,47.109395,452.300476,81.74189,58.666622,206.579599,565.55223,29.997829,32.948564000000005
662,195,2,128,1,46.638301,312.087329,94.820593,58.079955000000005,278.882458,718.251332,31.197741999999998,34.925478000000005
669,196,4,78,1,41.508088,265.274229,93.872387,58.079955000000005,242.62773900000002,718.251332,26.206104,29.686657
674,197,4,69,1,47.734301,254.66326,91.994939,66.211149,232.922629,782.8939519999999,24.895798000000003,32.655322
677,198,2,60,1,43.438214,234.29019900000003,97.514635,78.791268,256.214892,814.20971,20.912471,35.267748
680,199,0,80,1,43.438214,234.29019900000003,97.514635,78.791268,256.214892,814.20971,20.912471,35.267748
686,200,1,169,1,38.660011,238.976003,99.464928,72.487966,233.155552,797.925516,20.703346,33.151683
694,201,4,89,1,42.139412,260.483844,114.384667,66.688929,226.160885,829.842536,24.429948,33.814717
699,202,4,117,1,46.353353000000006,283.92739,102.9462,76.692268,228.422494,804.9472599999999,23.941349,29.080656
702,203,2,53,1,51.452222,315.159402,87.50426999999999,63.654582999999995,198.72757,756.650424,26.574897999999997,27.045009999999998
705,204,0,156,1,51.452222,315.159402,87.50426999999999,63.654582999999995,198.72757,756.650424,26.574897999999997,27.045009999999998
713,205,3,175,1,50.937699,466.435916,121.630936,72.566224,222.57487799999998,567.487818,22.854412,39.756165
716,206,1,140,1,55.522092,527.072585,121.630936,81.999833,231.477873,561.81294,20.797515,35.780549
721,207,1,133,1,82.172697,616.674924,83.92534599999999,64.77986800000001,159.71973300000002,646.084881,13.934335,25.761995000000002
729,208,4,117,1,87.10305799999999,555.007432,88.96086600000001,73.201251,190.066482,736.5367650000001,14.213022,26.019614999999998
732,209,2,67,1,101.910578,521.706986,95.18812700000001,71.737226,180.56315800000002,817.555809,14.781543,23.938046
735,210,0,93,1,101.910578,521.706986,95.18812700000001,71.737226,180.56315800000002,817.555809,14.781543,23.938046
741,211,1,138,1,109.04431899999999,605.180103,86.621196,73.171971,176.951895,784.853576,17.146589000000002,24.177426
745,212,0,165,1,109.04431899999999,605.180103,86.621196,73.171971,176.951895,784.853576,17.146589000000002,24.177426
753,213,3,44,1,92.687671,611.231904,78.825288,64.391334,184.02997,808.399184,19.547112,27.804040000000004
756,214,1,105,1,82.49202700000001,531.771757,76.46052900000001,56.664374,211.634466,670.971322,20.328996,30.584444
764,215,4,80,1,69.29330300000001,452.005993,80.283556,47.598074,213.750811,577.035337,17.076357,34.866267
767,216,2,192,1,69.29330300000001,533.367072,89.114747,45.694151,203.06327,577.035337,19.637811,40.444869
770,217,0,118,1,69.29330300000001,533.367072,89.114747,45.694151,203.06327,577.035337,19.637811,40.444869
776,218,1,189,1,67.214504,533.367072,101.590812,50.263566,196.971372,548.18357,16.692139,45.298253
783,219,3,112,1,65.870214,629.373145,110.733985,51.771473,204.850227,586.55642,19.362880999999998,43.939306
789,220,4,245,1,48.743958,660.8418019999999,138.417481,68.33834499999999,176.17119499999998,416.455058,18.588366,30.318121
794,221,4,125,1,53.618354000000004,621.1912940000001,150.875054,59.45436,193.78831499999998,491.41696900000005,21.934272,25.467222
795,222,0,98,1,53.618354000000004,621.1912940000001,150.875054,59.45436,193.78831499999998,491.41696900000005,21.934272,25.467222
802,223,2,74,1,68.095309,559.072165,122.208794,64.805252,215.105029,609.357041,29.830609999999997,20.62845
805,224,0,132,1,68.095309,559.072165,122.208794,64.805252,215.105029,609.357041,29.830609999999997,20.62845
813,225,3,123,1,60.604825,514.346392,123.43088200000001,53.78836,236.61553199999997,517.953485,34.603507,19.184458
815,226,0,87,1,60.604825,514.346392,123.43088200000001,53.78836,236.61553199999997,517.953485,34.603507,19.184458
820,227,0,140,1,60.604825,514.346392,123.43088200000001,53.78836,236.61553199999997,517.953485,34.603507,19.184458
826,228,1,134,1,52.12015,606.9287419999999,104.916249,43.568571,217.68628999999999,455.799067,40.832138,25.707174
833,229,3,144,1,60.980575,509.820143,104.916249,37.468971,228.570604,515.052946,34.707318,28.534963
835,230,0,117,1,60.980575,509.820143,104.916249,37.468971,228.570604,515.052946,34.707318,28.534963
841,231,1,170,1,65.249216,509.820143,97.572112,42.714627,189.713601,515.052946,30.542440000000003,24.540067999999998
847,232,2,53,1,77.646567,535.311151,88.790622,43.996066,189.713601,442.945533,34.207532,27.239476
854,233,4,142,1,88.51708599999999,465.72070099999996,77.24784100000001,44.436027,172.639377,500.528453,32.497156,24.515528
855,234,0,126,1,88.51708599999999,465.72070099999996,77.24784100000001,44.436027,172.639377,500.528453,32.497156,24.515528
860,235,0,116,1,88.51708599999999,465.72070099999996,77.24784100000001,44.436027,172.639377,500.528453,32.497156,24.515528
868,236,3,78,1,98.25396500000001,391.205389,79.565276,51.545790999999994,191.62970900000002,590.6235740000001,33.47207,22.799441
874,237,4,92,1,91.376188,355.99690400000003,89.908762,43.298464,199.294897,631.967224,39.497043,23.027435999999998
878,238,3,108,1,92.28995,423.636316,106.991427,35.937725,213.24553999999998,739.4016519999999,42.261835999999995,19.803595
882,239,2,78,1,97.827347,457.527221,120.90031299999998,34.500215999999995,245.232371,746.7956690000001,35.499942,19.011451
887,240,2,97,1,102.718714,448.376676,140.244363,28.63518,267.30328399999996,687.052015,31.594949,21.863167999999998
893,241,3,72,1,115.04496,421.47407599999997,154.268799,31.498697999999997,240.572956,652.699415,34.122545,24.705379999999998
895,242,0,108,1,115.04496,421.47407599999997,154.268799,31.498697999999997,240.572956,652.699415,34.122545,24.705379999999998
901,243,1,123,1,136.903502,375.111927,135.756543,27.403866999999998,252.601604,659.226409,36.169897,29.399403000000003
909,244,4,174,1,141.010607,382.614166,123.538454,25.211558,224.815427,619.672824,33.999703000000004,24.989492000000002
911,245,1,87,1,167.80262199999999,455.310858,123.538454,23.446749,218.070964,613.476096,35.359691999999995,29.487601
915,246,0,181,1,167.80262199999999,455.310858,123.538454,23.446749,218.070964,613.476096,35.359691999999995,29.487601
920,247,0,92,1,167.80262199999999,455.310858,123.538454,23.446749,218.070964,613.476096,35.359691999999995,29.487601
925,248,0,68,1,167.80262199999999,455.310858,123.538454,23.446749,218.070964,613.476096,35.359691999999995,29.487601
930,249,0,247,1,167.80262199999999,455.310858,123.538454,23.446749,218.070964,613.476096,35.359691999999995,29.487601
936,250,1,174,1,144.310255,391.567337,137.12768400000002,22.508879,185.36032,601.206574,37.83487,26.243965000000003
941,251,1,161,1,150.082665,430.724071,149.469176,21.608523,209.457161,499.001457,35.943126,21.782491
949,252,4,112,1,157.58679899999998,512.561645,141.99571699999998,21.608523,196.889732,568.8616599999999,30.551657000000002,21.782491
951,253,1,31,1,173.345479,435.67739800000004,139.155803,22.472864,171.29406699999998,637.12506,26.579942,25.703339
955,254,0,115,1,173.345479,435.67739800000004,139.155803,22.472864,171.29406699999998,637.12506,26.579942,25.703339
961,255,1,210,1,178.545843,387.752884,128.023338,22.248136,169.581126,624.382559,27.111541,22.104872
969,256,4,74,1,164.262176,372.242769,148.507072,22.91558,186.53923799999998,743.015245,25.484848,21.441725
972,257,2,134,1,188.901502,357.35305800000003,147.02200200000001,25.665449,171.616099,772.735854,28.543029999999998,21.227307999999997
979,258,4,42,1,204.013622,350.205997,154.373102,23.868868,144.157523,888.646233,33.109915,18.892304
981,259,1,80,1,240.73607400000003,311.683337,163.63548799999998,28.165264,147.040674,835.327459,29.467824,19.647996
987,260,2,156,1,202.218302,389.604172,165.271843,27.038653999999998,189.682469,568.022672,40.960276,23.381116
990,261,0,205,1,202.218302,389.604172,165.271843,27.038653999999998,189.682469,568.022672,40.960276,23.381116
998,262,3,32,1,196.151753,432.460631,161.966406,26.227494,189.682469,499.85995099999997,48.742728,27.122094
1003,263,3,296,1,186.344165,454.083662,157.10741399999998,23.342470000000002,157.43645,454.872556,53.617001,26.579652000000003
1009,264,4,67,1,175.163516,440.46115199999997,142.967747,23.809319,133.82098200000001,450.32383,46.646791,24.984873
1012,265,2,57,1,178.666786,506.530325,152.97548899999998,21.428387,137.835612,396.28497000000004,41.982112,26.733814000000002
1015,266,0,72,1,178.666786,506.530325,152.97548899999998,21.428387,137.835612,396.28497000000004,41.982112,26.733814000000002
1022,257,2,100,1,171.520115,536.922145,180.511077,21.214103,117.16027,368.545022,38.203722,28.337843
1029,258,4,98,1,168.08971200000002,510.076037,149.824194,23.335513,118.331873,412.770425,43.93428,30.038113
1031,259,1,103,1,152.961638,566.184401,148.325952,22.168738,105.315367,408.642721,40.858881,27.935445
1036,260,1,90,1,128.487776,537.875181,129.043578,24.828985999999997,113.740596,359.605594,45.761946,26.259319
1041,261,1,137,1,138.766798,521.738926,135.495757,29.546494,122.839844,309.260811,41.643371,27.572284999999997
1047,262,2,84,1,152.64347800000002,553.043261,155.820121,28.364634000000002,133.89543,324.72385099999997,40.39407,30.329513000000002
1050,263,0,174,1,152.64347800000002,553.043261,155.820121,28.364634000000002,133.89543,324.72385099999997,40.39407,30.329513000000002
1055,264,0,98,1,152.64347800000002,553.043261,155.820121,28.364634000000002,133.89543,324.72385099999997,40.39407,30.329513000000002
1062,265,2,100,1,135.85269499999998,525.391098,130.888901,26.946402000000003,151.301836,347.454521,40.798010999999995,28.206446999999997
1065,266,0,143,1,135.85269499999998,525.391098,130.888901,26.946402000000003,151.301836,347.454521,40.798010999999995,28.206446999999997
1071,267,1,209,1,116.83331799999999,614.707585,142.668903,26.13801,127.093542,389.149064,43.245891,23.975479999999997
1076,268,1,63,1,120.33831799999999,891.325998,178.336128,21.171788,189.369378,361.908629,48.002939000000005,16.782836
1083,269,3,124,1,115.52478500000001,837.846438,151.585709,21.171788,166.645053,390.861319,50.403086,14.265410999999999
1089,270,4,85,1,130.54300700000002,921.631082,133.395424,19.478045,144.98119599999998,418.221612,52.419209,14.693373000000001
1090,271,0,86,1,110.961556,783.38642,140.065195,20.062386,120.33439299999999,451.679341,48.225673,17.338179999999998
1098,272,3,118,1,100.975016,814.721877,155.472366,22.670496,123.944425,483.296895,41.956336,19.765525
1101,273,1,49,1,86.838514,855.457971,129.04206399999998,20.176742,106.592205,444.63314299999996,37.760702,21.742078
1109,274,4,62,1,87.70689899999999,1000.0,120.00912,20.782044,124.71288,440.18681200000003,44.180021,18.915608
1110,275,0,177,1,87.70689899999999,1000.0,120.00912,20.782044,124.71288,440.18681200000003,44.180021,18.915608
1119,276,4,213,1,81.56741600000001,1000.0,105.608025,17.456917,110.99446299999998,369.75692200000003,48.598023,16.078266
1121,277,1,138,1,72.595,1000.0,124.61747,15.536655999999999,109.884519,351.269076,45.682142,14.309657000000001
1125,278,0,139,1,72.595,1000.0,124.61747,15.536655999999999,109.884519,351.269076,45.682142,14.309657000000001
1133,279,3,37,1,66.06145,1000.0,130.848343,15.070556,114.2799,351.269076,38.829821,15.168237
1137,280,2,85,1,58.134076,1000.0,132.156827,14.467734,122.27949199999999,309.116787,39.218119,16.68506
1142,281,2,147,1,54.064691,1000.0,122.905849,12.442250999999999,116.16551799999999,336.937298,38.825938,14.349151999999998
1147,282,2,103,1,54.605338,840.0,132.738317,14.433010999999999,97.579035,309.98231400000003,34.555085,17.075491
1153,283,3,114,1,56.243497999999995,991.2,128.756167,17.030954,87.82113199999999,350.280015,37.665042,17.929265
1156,284,1,130,1,64.68002299999999,1000.0,126.181044,18.734049,97.48145600000001,325.760414,35.40514,15.598460999999999
1161,285,1,121,1,73.088425,780.0,107.253887,14.612557999999998,78.959979,342.048434,42.486168,22.461782999999997
1166,286,1,42,1,72.357541,787.8,110.47150400000001,13.735805,71.06398100000001,400.19666800000005,46.309923,24.707962
1174,287,4,107,1,63.674636,669.63,125.93751499999999,14.010520999999999,74.61718,412.20256800000004,47.236121000000004,25.449201000000002
1178,288,3,34,1,69.405354,656.2374,114.60313799999999,14.430836,83.571242,457.544851,39.205981,28.503104999999998
1184,289,4,96,1,69.405354,702.1740179999999,97.41266800000001,15.585303,76.04983,434.66760800000003,37.245682,29.928259999999998
1186,290,1,130,1,59.688604000000005,667.0653169999999,86.697274,16.208714999999998,81.37331800000001,478.13436900000005,42.460077000000005,30.526825
1192,291,2,142,1,70.432553,707.089236,86.697274,19.288370999999998,82.18705200000001,506.82243099999994,42.035476,32.663703000000005
1198,292,3,128,1,68.319576,586.884066,84.096356,20.445674,90.405757,603.118693,45.818669,30.050607
1200,293,0,147,1,68.319576,586.884066,84.096356,20.445674,90.405757,603.118693,45.818669,30.050607
1209,294,4,150,1,62.854009999999995,604.490588,99.2337,20.445674,106.678793,506.61970199999996,45.360482,26.745040000000003
1214,295,4,155,1,62.854009999999995,537.996623,87.32565600000001,24.125895,90.676974,567.414066,45.360482,22.465834
1215,296,0,114,1,62.854009999999995,537.996623,87.32565600000001,24.125895,90.676974,567.414066,45.360482,22.465834
1222,297,2,294,1,67.253791,478.816995,79.466347,20.989529,106.09206,516.3468,47.628506,19.095959
1225,298,0,204,1,67.253791,478.816995,79.466347,20.989529,106.09206,516.3468,47.628506,19.095959
1233,299,3,165,1,93.48276899999999,392.629936,70.725049,14.902565,152.77256599999998,629.943096,63.822199,16.040605
1236,300,1,158,1,106.570357,420.11403099999995,74.261301,12.66718,149.71711499999998,560.649356,70.204418,14.276139
1244,301,4,88,1,112.964578,470.52771500000006,72.033462,12.920524,166.185997,555.042862,74.416684,12.848525
1245,302,0,68,1,112.964578,470.52771500000006,72.033462,12.920524,166.185997,555.042862,74.416684,12.848525
1250,303,0,218,1,112.964578,470.52771500000006,72.033462,12.920524,166.185997,555.042862,74.416684,12.848525
1255,304,0,90,1,112.964578,470.52771500000006,72.033462,12.920524,166.185997,555.042862,74.416684,12.848525
1260,305,0,96,1,112.964578,470.52771500000006,72.033462,12.920524,166.185997,555.042862,74.416684,12.848525
1267,306,2,56,1,125.39068200000001,461.117161,84.279151,10.85324,161.200417,477.33686100000006,78.137518,11.178217
1272,307,2,114,1,104.07426600000001,474.950675,76.694027,11.721499,156.364405,400.962964,74.230642,10.954652000000001
1275,308,0,197,1,104.07426600000001,474.950675,76.694027,11.721499,156.364405,400.962964,74.230642,10.954652000000001
1280,309,0,186,1,104.07426600000001,474.950675,76.694027,11.721499,156.364405,400.962964,74.230642,10.954652000000001
1286,310,1,44,1,87.422383,527.19525,83.59649,11.604284,162.61898100000002,465.117038,77.19986800000001,12.488303
1290,311,0,194,1,87.422383,527.19525,83.59649,11.604284,162.61898100000002,465.117038,77.19986800000001,12.488303
1296,312,1,158,1,101.409965,569.37087,94.464033,10.327813,185.385638,427.907675,85.69185300000001,13.737134
1301,313,1,158,1,98.367666,506.74007400000005,104.85507700000001,10.431091,192.801064,380.837831,83.12109699999999,12.36342
1305,314,0,123,1,98.367666,506.74007400000005,104.85507700000001,10.431091,192.801064,380.837831,83.12109699999999,12.36342
1311,315,1,104,1,99.351342,562.481482,121.63188899999999,10.32678,187.017032,415.11323500000003,75.640199,13.105226
1319,316,4,113,1,104.31891,629.97926,121.63188899999999,8.777763,162.704818,456.624559,77.153003,13.367329999999999
1320,317,0,174,1,104.31891,629.97926,121.63188899999999,8.777763,162.704818,456.624559,77.153003,13.367329999999999
1327,318,2,111,1,119.966746,667.778016,137.444035,8.16332,149.688432,479.455787,67.123112,12.832637
1332,319,2,146,1,116.36774399999999,627.711335,137.444035,9.387818,154.17908500000001,508.22313399999996,61.082032,12.191005
1338,320,3,31,1,130.331873,571.217315,162.183961,8.824549000000001,132.594013,462.48305199999993,53.752188000000004,12.800555000000001
1342,321,2,126,1,147.275016,542.6564490000001,171.914999,7.412621000000001,147.17935500000002,467.107882,55.902276,14.592633
1346,322,1,120,1,150.220517,482.96423899999996,180.510749,8.59864,175.14343200000002,443.75248799999997,55.343253000000004,15.760044
1352,323,2,106,1,145.713901,492.62352400000003,173.29031899999998,8.340681,154.12622,510.315362,48.14863,16.863247
1358,324,3,38,1,125.313955,438.434937,176.756125,7.172986,146.41990900000002,525.624822,51.519034000000005,18.886836
1364,325,4,103,1,120.301397,455.972334,206.804666,7.029526,172.77549299999998,520.368574,45.33675,15.864942999999998
1369,326,4,37,1,135.94057800000002,410.375101,157.171546,7.029526,193.508552,437.10960199999994,36.2694,22.528219
1371,327,1,176,1,184.879187,566.317639,171.316986,7.591888000000001,220.59975,292.863434,47.875608,25.456887
1376,328,1,95,1,205.21589699999998,554.9912860000001,167.890646,8.426996,185.30379,328.007046,45.003071999999996,24.693179999999998
1380,329,0,142,1,205.21589699999998,554.9912860000001,167.890646,8.426996,185.30379,328.007046,45.003071999999996,24.693179999999998
1387,330,2,133,1,186.746466,516.141896,152.780488,9.859585000000001,253.86619199999998,334.567186,36.002457,18.519885000000002
1390,331,0,164,1,186.746466,516.141896,152.780488,9.859585000000001,253.86619199999998,334.567186,36.002457,18.519885000000002
1399,332,4,124,1,184.879002,490.33480099999997,154.308293,10.056777,238.63422000000003,304.45614,31.682161999999998,20.557073000000003
1401,333,1,173,1,184.879002,529.5615849999999,180.540702,11.866997,260.1113,255.743157,31.682161999999998,23.640634
1405,334,0,153,1,184.879002,529.5615849999999,180.540702,11.866997,260.1113,255.743157,31.682161999999998,23.640634
1412,335,2,127,1,212.610852,566.630896,180.540702,12.816355999999999,275.71797799999996,304.334357,37.701772999999996,26.241103000000003
1416,336,1,56,1,174.340899,628.960295,148.043376,17.686572,388.76234900000003,407.808039,35.062649,37.262367
1424,337,4,80,1,177.82771699999998,622.670692,134.719472,15.033585999999998,338.223244,448.588843,37.166408000000004,42.851721999999995
1428,338,3,87,1,181.38427099999998,529.270088,132.025083,15.334257999999998,301.018687,488.961838,40.883049,40.280618
1431,339,1,105,1,206.778069,571.611695,132.025083,13.954175,313.059434,420.50718099999995,41.70071,44.711486
1435,340,0,136,1,206.778069,571.611695,132.025083,13.954175,313.059434,420.50718099999995,41.70071,44.711486
1440,341,0,153,1,206.778069,571.611695,132.025083,13.954175,313.059434,420.50718099999995,41.70071,44.711486
1446,342,1,220,1,219.18475299999997,634.4889820000001,121.463076,13.535549,325.581812,445.737612,47.538809,39.346108
1450,343,0,58,1,219.18475299999997,634.4889820000001,121.463076,13.535549,325.581812,445.737612,47.538809,39.346108
1459,344,4,78,1,238.911381,691.59299,129.965491,15.159815,306.046903,374.419594,48.964974,46.821868
1463,345,3,144,1,226.965812,733.08857,123.46721699999999,17.282189000000002,361.13534599999997,351.95441800000003,58.26831899999999,50.567617999999996
1467,346,2,72,1,240.58376099999998,623.125284,107.41647900000001,17.973477,411.694294,366.032595,64.09515,59.669789
1471,347,1,196,1,255.01878599999998,729.056582,106.34231399999999,15.097721,374.641808,406.296181,62.172295999999996,66.830164
1478,348,3,189,1,326.424046,794.671675,88.26411999999999,14.795766,419.59882400000004,442.862837,58.44195799999999,59.478846
1481,349,1,83,1,385.180375,858.245409,87.381479,17.015131,386.03091800000004,420.719695,58.44195799999999,54.720538
1489,350,4,72,1,346.66233700000004,961.234858,100.488701,18.376342,451.656175,416.512498,49.091245,54.720538
1493,351,3,108,1,402.128311,961.234858,94.459379,21.132793,510.37147699999997,354.035623,55.96401899999999,47.606868
1496,352,1,152,1,337.787781,970.847206,80.290472,18.174201999999998,561.408625,346.954911,66.597183,47.1308
1502,353,2,109,1,368.188682,1000.0,85.107901,20.71859,510.88184900000005,346.954911,68.595098,41.946412
1507,354,2,75,1,342.415474,840.0,101.278402,24.447936,582.405308,353.894009,59.677735999999996,39.429627
1513,355,3,100,1,311.598081,789.6,84.061073,28.604086,669.766104,318.504608,63.2584,40.218219
1519,356,4,157,1,267.97435,789.6,95.829624,30.320331,783.626341,356.725161,65.788736,36.59858
1520,357,0,166,1,267.97435,789.6,95.829624,30.320331,783.626341,356.725161,65.788736,36.59858
1527,358,2,70,1,257.25537599999996,671.16,105.412586,34.86838,767.9538150000001,385.26317400000005,73.025497,40.990409
1531,359,1,304,1,267.545591,724.8528,120.170348,29.986807000000002,721.8765860000001,362.147384,61.34141700000001,43.859738
1536,360,1,102,1,280.922871,732.1013280000001,115.363534,24.88905,830.158074,300.58232799999996,52.140205,46.491322
1544,361,4,197,1,283.732099,841.916527,114.209899,24.88905,730.539105,312.60562200000004,47.447586,44.166756
1546,362,1,62,1,244.009605,757.724874,113.0678,21.902364000000002,832.814579,334.488015,48.396538,41.516751
1552,363,2,134,1,219.60864500000002,765.302123,102.891698,25.625766,757.861267,384.66121699999997,53.236192,49.404933
1555,364,0,182,1,219.60864500000002,765.302123,102.891698,25.625766,757.861267,384.66121699999997,53.236192,49.404933
1560,365,0,147,1,219.60864500000002,765.302123,102.891698,25.625766,757.861267,384.66121699999997,53.236192,49.404933
1566,366,1,82,1,202.039953,780.608166,111.123034,27.932084999999997,757.861267,415.43411499999996,56.962725,47.428736
1571,367,1,138,1,193.958355,819.6385740000001,114.456725,26.814801,818.490169,344.810315,61.519743000000005,46.954449
1578,368,3,116,1,224.991692,704.889174,101.866485,27.082949,941.263694,403.428069,58.44375600000001,43.198093
1583,369,3,88,1,211.49219,606.2046889999999,71.306539,34.937005,640.059312,455.873718,59.028193,40.174226000000004
1588,370,3,330,1,297.529014,500.75326900000005,107.041303,25.309016,1000.0,621.682654,42.681474,46.44659
1591,371,1,106,1,324.306625,465.70054000000005,101.689238,21.765754,1000.0,540.863909,47.803251,39.944067
1597,372,2,154,1,334.03582400000005,442.415513,92.53720600000001,18.936206,1000.0,627.4021339999999,54.973739,37.147982
1600,373,0,86,1,334.03582400000005,442.415513,92.53720600000001,18.936206,1000.0,627.4021339999999,54.973739,37.147982
1606,374,1,102,1,320.674391,468.96044400000005,79.581997,21.208551,1000.0,558.3879,45.628203000000006,37.890941999999995
1610,375,0,122,1,320.674391,468.96044400000005,79.581997,21.208551,1000.0,558.3879,45.628203000000006,37.890941999999995
1619,376,4,114,1,336.70811000000003,431.443609,77.194537,23.965662,850.0,658.897721,46.084485,45.090221
1620,377,0,246,1,336.70811000000003,431.443609,77.194537,23.965662,850.0,658.897721,46.084485,45.090221
1627,378,2,148,1,255.898164,539.304511,94.949281,30.196734000000003,1000.0,560.0630629999999,64.51828,41.483003000000004
1630,379,0,160,1,255.898164,539.304511,94.949281,30.196734000000003,1000.0,560.0630629999999,64.51828,41.483003000000004
1636,380,1,166,1,296.84187000000003,453.015789,108.24218,25.969192,830.0,666.475045,56.776086,47.705453999999996
1644,381,4,126,1,284.96819500000004,425.834842,126.643351,27.787034999999996,987.7,679.804546,63.589216,55.815381
1648,382,3,120,1,319.164379,481.193371,115.245449,31.955090000000002,1000.0,639.0162730000001,66.132785,54.699073
1654,383,4,95,1,360.655748,534.124642,126.769994,33.233294,1000.0,760.4293650000001,69.439424,57.434027
1659,384,4,81,1,339.01640299999997,550.148381,111.55759499999999,31.571628999999998,1000.0,714.8036030000001,61.801088,63.75176999999999
1660,385,0,94,1,339.01640299999997,550.148381,111.55759499999999,31.571628999999998,1000.0,714.8036030000001,61.801088,63.75176999999999
1669,386,4,94,1,335.626239,643.673606,104.864139,31.255913,1000.0,779.135928,67.363186,66.30184100000001
1670,387,0,54,1,335.626239,643.673606,104.864139,31.255913,1000.0,779.135928,67.363186,66.30184100000001
1677,388,2,50,1,385.970175,605.0531900000001,100.669574,37.194536,970.0,779.135928,67.363186,56.356565
1683,389,3,109,1,443.865701,665.558509,92.616008,41.285934999999995,892.4,794.718646,68.036817,52.975170999999996
1686,390,1,198,1,386.16316,778.703455,83.354407,34.267326000000004,856.704,754.982714,67.356449,58.802440000000004
1691,391,1,94,1,378.43989700000003,755.342351,71.68479,32.896633,925.2403199999999,800.281677,66.00932,51.158122
1699,392,4,226,1,397.361891,891.303975,67.383703,37.173196000000004,1000.0,680.239425,56.768015000000005,48.088635
1704,393,4,116,1,413.256367,1000.0,55.254636,38.660123,780.0,687.041819,41.440651,49.050408000000004
1709,394,4,88,1,479.37738600000006,970.0,61.332646,37.50032,741.0,666.430565,36.467773,48.0694
1714,395,4,68,1,460.20229000000006,1000.0,55.19938199999999,35.250301,778.05,619.780425,40.11455,42.781766
1715,396,0,150,1,460.20229000000006,1000.0,55.19938199999999,35.250301,778.05,619.780425,40.11455,42.781766
1721,397,1,94,1,404.978016,1000.0,55.19938199999999,35.250301,925.8795,533.011166,40.916841,38.931407
1726,398,1,96,1,360.430434,1000.0,46.36748,36.660313,805.515165,474.379938,39.280167999999996,36.595521999999995
1731,399,1,101,1,331.595999,1000.0,43.585432,35.560503000000004,813.570317,521.8179309999999,34.566548,42.450806
1739,400,4,96,1,358.123679,1000.0,38.35518,41.961394,707.806175,480.072497,35.603544,50.091951
1744,401,4,240,1,383.192337,1000.0,41.807146,44.479077000000004,587.479126,432.065247,41.300111,58.106663
1747,402,2,60,1,417.67964700000005,1000.0,38.462574,42.255124,652.101829,393.179375,35.518096,60.430930000000004
1751,403,1,126,1,430.21003600000006,940.0,35.000943,35.916855,710.7909940000001,369.588612,37.649181,60.430930000000004
1758,404,3,79,1,425.907936,987.0,32.550877,40.226878,618.3881650000001,410.24336,42.920066999999996,71.308497
1763,405,3,139,1,396.09438,1000.0,36.131473,40.226878,661.675336,451.267696,35.623655,69.16924200000001
1769,406,4,125,1,439.664762,980.0,41.189879,47.065447,707.99261,442.242342,38.473548,81.61970600000001
1771,407,1,138,1,448.458058,852.6,47.368361,48.948065,771.711945,406.862954,40.01249,92.230267
1775,408,0,204,1,448.458058,852.6,47.368361,48.948065,771.711945,406.862954,40.01249,92.230267
1782,409,2,80,1,457.42721900000004,886.704,53.526247999999995,58.248197,895.1858560000001,394.65706600000004,44.813988,83.92954300000001
1788,410,3,84,1,434.555858,851.23584,46.032573,61.743089000000005,913.0895730000001,335.458506,42.125149,88.12602
1791,411,1,131,1,460.629209,706.525747,50.635831,52.481625,830.911512,322.040166,38.755137,75.78837800000001
1798,412,3,100,1,474.44808499999994,798.374094,43.546815,48.283095,922.3117779999999,286.615748,44.568408000000005,68.967424
1800,413,0,92,1,474.44808499999994,798.374094,43.546815,48.283095,922.3117779999999,286.615748,44.568408000000005,68.967424
1806,414,1,127,1,455.470162,702.569203,47.466028,56.008391,1000.0,300.946535,36.991778000000004,65.519052
1814,415,4,119,1,532.9000900000001,688.517819,40.346123999999996,49.847468,1000.0,279.880277,42.910463,63.553481000000005
1817,416,2,202,1,623.493105,468.192117,56.888034,52.339841,810.0,271.48386899999997,62.22017099999999,72.450968
1824,417,4,172,1,529.9691389999999,491.60172300000005,66.559,50.769646,866.7,279.62838500000004,52.887145999999994,68.82842
1828,418,3,124,1,503.470682,516.1818089999999,57.24074,46.200378,970.704,237.684127,54.47376,72.269841
1834,419,4,182,1,714.9283690000001,712.330896,80.70944399999999,49.896408,1000.0,244.81465099999997,76.263264,52.034285
1838,420,3,48,1,686.331234,804.933913,78.28815999999999,58.877761,1000.0,247.262798,68.636938,56.197028
1843,421,3,134,1,720.647796,1000.0,83.768332,50.634875,1000.0,200.28286599999998,67.950568,50.015355
1847,422,2,159,1,677.4089280000001,1000.0,90.469798,47.090434,840.0,196.277209,75.42513100000001,56.017198
1852,423,2,116,1,779.020267,930.0,99.516778,55.566712,823.2,172.723944,63.35711,47.614618
1858,424,3,24,1,662.1672269999999,911.4,116.43463,60.012049,782.04,160.633268,53.219972,42.37701
1862,425,2,123,1,569.4638150000001,920.514,138.55721,69.013856,875.8848,171.87759599999998,56.413171,50.428641999999996
1867,426,2,112,1,512.517434,1000.0,144.099498,58.661777,735.743232,173.596372,52.464249,53.45436
1874,427,4,124,1,404.888773,970.0,214.70825200000002,49.275892999999996,728.3858,147.556917,74.49923299999999,70.025212
1877,428,2,28,1,356.30212,960.3,231.884912,51.739688,735.669658,149.032486,64.81433299999999,58.821178
1882,429,2,157,1,342.05003500000004,854.667,264.3488,56.913656,831.306713,166.91638400000002,64.166189,53.527271999999996
1888,430,3,95,1,369.414038,871.76034,222.052992,67.15811500000001,723.23684,148.55558200000002,54.541261,59.415271999999995
1890,431,0,150,1,369.414038,871.76034,222.052992,67.15811500000001,723.23684,148.55558200000002,54.541261,59.415271999999995
1897,432,2,108,1,380.49645899999996,958.936374,228.71458199999998,58.42756,817.25763,130.728912,46.360071999999995,61.791883
1904,433,4,40,1,448.985822,1000.0,192.120249,49.07915,907.1559689999999,135.958068,40.796863,73.532341
1906,434,1,86,1,525.3134110000001,970.0,207.489869,46.134401000000004,816.440372,130.519746,34.677334,77.944281
1913,435,3,64,1,567.338484,1000.0,222.01416,42.904993,938.9064279999999,152.708102,29.822507,69.37040999999999
1918,436,3,40,1,567.338484,1000.0,264.19685,46.337393,873.1829779999999,178.66848000000002,31.015407,63.820778000000004
1923,437,3,124,1,573.011869,830.0,306.468346,45.410645,785.86468,178.66848000000002,27.603713,67.650024
1929,438,4,192,1,550.091394,805.1,260.498094,48.58939,848.7338550000001,207.255437,28.155787,73.73852600000001
1932,439,2,84,1,572.09505,797.049,263.103075,57.821374,916.6325630000001,184.457339,23.650861,80.374994
1936,440,1,159,1,635.025506,828.9309599999999,255.209983,50.304595,934.9652140000001,193.680206,25.069913,72.33749399999999
1944,441,4,68,1,546.121935,762.616483,219.48058500000002,42.758906,822.7693879999999,197.55381,23.816417,76.67774399999999
1948,442,3,132,1,557.0443740000001,762.616483,199.72733200000002,49.600331,855.6801640000001,225.21134300000003,20.482119,80.51163100000001
1952,443,2,74,1,523.621711,632.971681,165.773686,46.624311,847.1233619999999,231.967683,22.120688,68.434887
1956,444,1,104,1,607.4011849999999,708.928283,195.612949,47.090554,779.353493,231.967683,24.553964,61.591398
1960,445,0,204,1,607.4011849999999,708.928283,195.612949,47.090554,779.353493,231.967683,24.553964,61.591398
1969,446,4,34,1,710.659386,723.106848,164.314877,45.206932,654.656934,234.28736,28.973677000000002,51.736774
1971,447,1,178,1,817.2582940000001,737.568985,165.958026,44.302793,759.402044,255.373223,34.188939000000005,61.566761
1977,448,2,136,1,800.913128,649.060707,174.255928,49.619129,759.402044,224.728436,31.111935,51.100412
1982,449,2,82,1,945.077492,584.154636,162.058013,52.100085,637.897717,195.513739,31.423053999999997,50.078404
1989,450,4,168,1,1000.0,560.788451,183.125554,45.327073999999996,637.897717,203.33428899999998,26.081135,58.59173199999999
1994,451,4,163,1,960.0,532.7490280000001,155.656721,44.420533,606.002831,223.667718,25.820323000000002,48.631138
1996,452,1,78,1,1000.0,538.0765190000001,185.231498,39.534273999999996,715.083341,196.82759199999998,30.726184999999997,42.309090000000005
2002,453,2,100,1,900.0,613.4072309999999,187.083813,34.790161,665.027507,194.85931599999998,31.955232000000002,46.96309
2006,454,1,136,1,990.0,693.150171,188.954651,32.006948,678.3280570000001,161.73323200000002,31.955232000000002,50.250506
2013,455,3,112,1,1000.0,762.465189,156.83236100000002,36.807990000000004,786.860546,171.437226,28.759709,57.788081999999996
2015,456,0,66,1,1000.0,762.465189,156.83236100000002,36.807990000000004,786.860546,171.437226,28.759709,57.788081999999996
2022,457,2,108,1,970.0,678.594018,136.444154,34.967591,786.860546,162.865365,33.073665000000005,65.300533
2025,458,0,90,1,970.0,678.594018,136.444154,34.967591,786.860546,162.865365,33.073665000000005,65.300533
2034,459,4,150,1,1000.0,603.948676,136.444154,34.967591,889.152417,135.178253,38.034715000000006,58.117474
2038,460,3,258,1,1000.0,712.659438,117.341972,33.219211,951.3930859999999,158.158556,34.231244000000004,54.049251
2040,461,0,89,1,1000.0,712.659438,117.341972,33.219211,951.3930859999999,158.158556,34.231244000000004,54.049251
2046,462,1,164,1,830.0,726.9126259999999,100.914096,39.198669,941.8791550000001,143.92428600000002,30.123494,49.184818
2054,463,4,36,1,954.5,705.105247,119.07863300000001,34.886815999999996,875.947615,151.1205,25.60497,57.546237
2056,464,1,72,1,792.235,606.3905129999999,101.216838,36.631157,779.5933769999999,129.96363,25.092871,61.574474
2064,465,4,62,1,736.77855,618.518323,89.070818,41.026895,701.6340389999999,110.469085,24.340085000000002,69.57915600000001
2068,466,3,154,1,795.720834,692.7405219999999,89.070818,42.257702,638.486976,119.30661200000002,26.774093,64.70861500000001
2072,467,2,82,1,684.319917,630.393875,99.759316,45.638318,734.2600219999999,130.044207,22.757979000000002,70.53239
2079,468,4,245,1,561.142332,882.551425,71.826707,53.853216,998.5936300000001,163.855701,29.585372999999997,75.469657
2082,469,2,102,1,499.416676,785.470768,71.826707,54.93028,948.663949,162.217144,25.443421,70.941478
2089,470,4,118,1,449.475008,809.034891,74.699776,50.535858000000005,1000.0,171.950173,21.881342,65.975574
2090,471,0,147,1,449.475008,809.034891,74.699776,50.535858000000005,1000.0,171.950173,21.881342,65.975574
2095,472,0,114,1,449.475008,809.034891,74.699776,50.535858000000005,1000.0,171.950173,21.881342,65.975574
2101,473,1,46,1,525.885759,962.7515199999999,81.422756,59.632312,1000.0,149.59665,26.038797,61.357284
2105,474,0,190,1,525.885759,962.7515199999999,81.422756,59.632312,1000.0,149.59665,26.038797,61.357284
2113,475,3,60,1,452.261753,1000.0,82.236983,66.788189,1000.0,163.060349,22.653753,54.607983
2119,476,4,72,1,511.05578099999997,990.0,78.125134,78.14218199999999,990.0,148.384918,26.051816,63.345259999999996
2123,477,3,98,1,419.06574,1000.0,67.968867,91.42635200000001,772.2,186.96499599999999,22.925598,86.14955400000001
2129,478,4,118,1,498.688231,930.0,58.453225,102.397515,656.37,162.659547,24.988902,80.119085
2133,479,3,52,1,543.570172,1000.0,52.02337,112.637266,735.1344,174.045715,22.240123,91.335757
2139,480,4,102,1,614.2342940000001,850.0,56.18524,112.637266,676.323648,187.969372,21.128117,75.808678
2140,481,0,86,1,614.2342940000001,850.0,56.18524,112.637266,676.323648,187.969372,21.128117,75.808678
2149,482,4,98,1,552.810865,790.5,59.556354000000006,96.868049,730.4295400000001,197.367841,17.536337,79.599112
2151,483,1,152,1,514.114104,853.74,55.387409999999996,91.055966,606.2565179999999,187.499449,15.08125,76.415148
2156,484,1,224,1,426.71470700000003,956.1888,55.941283999999996,98.34044300000001,672.9447349999999,187.499449,13.422312,82.52835999999999
2164,485,4,77,1,366.974648,1000.0,49.787743,94.406826,612.3797089999999,221.24934900000002,13.556535,76.751374
2165,486,0,142,1,366.974648,1000.0,49.787743,94.406826,612.3797089999999,221.24934900000002,13.556535,76.751374
2174,487,4,106,1,422.020845,830.0,49.289865,103.84750799999999,661.370086,232.311817,15.45445,91.334136
2177,488,2,144,1,371.37834300000003,747.0,51.754358,118.386159,760.575598,267.158589,15.918084,102.294232
2183,489,3,166,1,419.657528,776.88,45.543834999999994,140.879529,790.998622,275.17334700000004,17.191531,85.927155
2186,490,1,142,1,377.691775,644.8104,51.009096,152.149892,735.628719,261.41468,18.738768,91.082784
2190,491,0,88,1,377.691775,644.8104,51.009096,152.149892,735.628719,261.41468,18.738768,91.082784
2197,492,2,71,1,332.368762,625.466088,58.150369,132.370406,801.835304,290.170294,16.302728,90.17195600000001
2202,493,2,121,1,332.368762,713.03134,61.057887,115.162253,898.0555400000001,322.089027,18.422082999999997,105.501189
2205,494,0,73,1,332.368762,713.03134,61.057887,115.162253,898.0555400000001,322.089027,18.422082999999997,105.501189
2210,495,0,62,1,332.368762,713.03134,61.057887,115.162253,898.0555400000001,322.089027,18.422082999999997,105.501189
2215,496,0,175,1,332.368762,713.03134,61.057887,115.162253,898.0555400000001,322.089027,18.422082999999997,105.501189
2222,497,2,76,1,365.605638,841.376982,58.004993000000006,117.465498,745.3860980000001,383.285942,15.290329000000002,92.84104599999999
2227,498,2,191,1,303.45268,715.170434,65.545642,102.194983,723.0245150000001,325.793051,17.430975,90.055815
2234,499,4,85,1,257.934778,679.411913,64.234729,85.843786,824.247947,368.14614700000004,19.174073,99.961954
2239,500,4,110,1,296.624995,645.441317,70.015855,71.250342,873.7028240000001,379.19053199999996,18.023628,103.960432
2243,501,3,19,1,287.726245,561.533946,75.61712299999999,77.662873,847.491739,432.277206,19.105045999999998,112.277267
2245,502,0,89,1,287.726245,561.533946,75.61712299999999,77.662873,847.491739,432.277206,19.105045999999998,112.277267
2254,503,4,161,1,304.989819,544.687927,65.786897,69.896586,1000.0,397.69503,16.621389999999998,98.803995
2258,504,3,73,1,350.738292,533.794169,77.628539,71.993484,1000.0,433.48758200000003,18.283529,90.899675
2262,505,2,163,1,294.62016600000004,576.497702,79.95739499999999,62.634331,1000.0,359.794693,18.832035,105.443624
2268,506,3,112,1,288.727762,536.142863,71.961656,71.403137,1000.0,302.22754199999997,20.150277,94.899261
2270,507,0,208,1,288.727762,536.142863,71.961656,71.403137,1000.0,302.22754199999997,20.150277,94.899261
2278,508,3,99,1,311.825983,557.588578,82.755904,74.25926199999999,1000.0,317.338919,17.127736,89.20530500000001
2280,509,0,66,1,311.825983,557.588578,82.755904,74.25926199999999,1000.0,317.338919,17.127736,89.20530500000001
2287,510,2,42,1,215.15992799999998,825.231095,72.825195,67.575929,1000.0,371.286536,25.349049,71.364244
2293,511,3,120,1,243.130719,833.483406,80.107715,58.79105799999999,1000.0,360.14794,26.10952,62.800534999999996
2296,512,1,196,1,223.680262,766.8047339999999,78.505561,54.087773,960.0,356.54646,23.237473,74.732637
2300,513,0,153,1,223.680262,766.8047339999999,78.505561,54.087773,960.0,356.54646,23.237473,74.732637
2305,514,0,97,1,223.680262,766.8047339999999,78.505561,54.087773,960.0,356.54646,23.237473,74.732637
2312,515,2,113,1,216.969854,881.825444,86.356117,49.219874,940.8,324.457279,20.216601,76.227289
2316,516,1,127,1,303.75779500000004,634.9143190000001,66.49421,58.57165,639.744,369.881298,21.631764,78.514108
2324,517,4,72,1,294.645061,622.216033,74.473515,57.985932999999996,671.7312,440.158744,18.819634,83.22495500000001
2326,518,1,78,1,315.270216,684.437636,62.557753000000005,69.003261,785.925504,453.363507,17.690456,87.386202
2330,519,0,60,1,315.270216,684.437636,62.557753000000005,69.003261,785.925504,453.363507,17.690456,87.386202
2337,520,2,114,1,324.72832200000005,574.927614,57.553132,77.973685,652.318168,539.5025730000001,17.690456,83.016892
2340,521,0,276,1,324.72832200000005,574.927614,57.553132,77.973685,652.318168,539.5025730000001,17.690456,83.016892
2345,522,0,118,1,324.72832200000005,574.927614,57.553132,77.973685,652.318168,539.5025730000001,17.690456,83.016892
2354,523,4,48,1,360.448438,580.6768910000001,65.610571,67.837106,717.549985,609.637908,18.044265,81.356554
2357,524,2,46,1,468.58296900000005,673.585193,47.895717,93.615206,602.741988,694.987215,26.885955,82.17012
2364,525,4,154,1,407.667183,754.415416,47.41676,77.700621,554.522629,597.689005,25.541657999999998,96.13904000000001
2365,526,0,117,1,407.667183,754.415416,47.41676,77.700621,554.522629,597.689005,25.541657999999998,96.13904000000001
2374,527,4,160,1,391.360496,641.253104,46.468424,87.801701,537.88695,615.619675,22.221242,99.984602
2375,528,0,43,1,391.360496,641.253104,46.468424,87.801701,537.88695,615.619675,22.221242,99.984602
2381,529,1,100,1,446.15096500000004,763.0911940000001,48.791846,73.753429,537.88695,714.118823,26.443278000000003,90.985988
2389,530,4,47,1,521.996629,854.6621369999999,55.622704000000006,75.966032,467.961646,671.2716929999999,25.385547,80.067669
2390,531,0,239,1,521.996629,854.6621369999999,55.622704000000006,75.966032,467.961646,671.2716929999999,25.385547,80.067669
2399,532,4,94,1,558.536393,923.035108,56.178931000000006,69.888749,425.84509800000006,751.824297,28.177957,93.67917299999999
2402,533,2,55,1,480.34129800000005,1000.0,57.864299,74.780962,472.688059,872.116184,32.404651,101.173507
2406,534,1,55,1,561.999319,1000.0,54.392441000000005,88.241535,406.511731,959.3278019999999,31.108465000000002,97.12656700000001
2412,535,2,126,1,629.439237,1000.0,48.953196999999996,95.30085799999999,455.293138,1000.0,28.308703,86.442644
2417,536,2,70,1,560.200921,870.0,42.589281,82.911746,396.10503,1000.0,25.760920000000002,79.527233
2424,537,4,47,1,515.3848469999999,887.4,39.182139,92.86115600000001,463.442885,1000.0,26.791356,80.322505
2427,538,2,90,1,474.15405899999996,834.156,36.047568,99.361437,472.71174299999996,1000.0,26.255529,85.141855
2433,539,3,128,1,403.03095099999996,867.52224,32.442811,114.265652,562.526974,1000.0,31.24408,89.398948
2436,540,1,124,1,427.212808,936.9240189999999,27.576389000000002,110.83768300000001,506.274277,1000.0,35.30581,86.71698
2441,541,1,124,1,375.947271,946.293259,23.439931,128.57171200000002,420.20765,1000.0,33.187462,79.77962099999999
2445,542,0,68,1,375.947271,946.293259,23.439931,128.57171200000002,420.20765,1000.0,33.187462,79.77962099999999
2454,543,4,76,1,334.593071,804.34927,26.721521000000003,149.14318600000001,382.388961,840.0,38.82933,72.599455
2458,544,3,195,1,371.398309,691.7403730000001,28.859243,141.686027,367.09340299999997,848.4,36.887864,82.037385
2462,545,2,191,1,345.400427,747.0796019999999,31.745167,165.772651,381.77713900000003,1000.0,37.9945,89.420749
2467,546,2,166,1,400.66449500000004,829.258359,31.745167,187.323096,381.77713900000003,870.0,31.91538,92.997579
2473,547,3,52,1,384.637916,787.795441,30.157909000000004,221.04125299999998,431.408167,800.4,33.511148999999996,85.557773
2479,548,4,165,1,419.25532799999996,898.0868019999999,32.570541999999996,221.04125299999998,388.26735,680.34,33.84626,81.279884
2482,549,2,169,1,373.137242,889.1059339999999,30.942015,212.19960299999997,454.2728,653.1264,28.430858,72.339097
2485,550,0,97,1,373.137242,889.1059339999999,30.942015,212.19960299999997,454.2728,653.1264,28.430858,72.339097
2491,551,1,138,1,373.137242,737.9579259999999,30.942015,193.10163899999998,436.101888,568.219968,24.734847,75.232661
2495,552,0,50,1,373.137242,737.9579259999999,30.942015,193.10163899999998,436.101888,568.219968,24.734847,75.232661
2501,553,1,26,1,350.749007,804.374139,30.942015,225.92891699999998,409.935775,613.6775650000001,28.445073999999998,85.765233
2505,554,0,54,1,350.749007,804.374139,30.942015,225.92891699999998,409.935775,613.6775650000001,28.445073999999998,85.765233
2513,555,3,108,1,315.674107,796.330397,26.300712,201.076736,344.346051,724.1395269999999,26.169468,90.911147
2517,556,2,236,1,334.614553,796.330397,28.930784000000003,211.130573,375.337195,731.3809219999999,27.216246999999996,82.72914399999999
2523,557,3,158,1,378.11444500000005,939.669869,26.037705,196.35143300000001,427.884403,782.577587,30.754359,69.49248100000001
2526,558,1,88,1,359.208723,977.2566640000001,22.132049,200.27846200000002,419.326715,696.494052,27.063836,68.797556
2531,559,1,194,1,395.129595,967.484097,19.476204,206.286816,490.61225599999995,675.5992309999999,28.417028000000002,69.48553199999999
2537,560,2,158,1,383.275707,1000.0,20.450014000000003,187.721002,446.457153,689.111216,26.427836,72.959808
2540,561,0,98,1,383.275707,1000.0,20.450014000000003,187.721002,446.457153,689.111216,26.427836,72.959808
2545,562,0,169,1,383.275707,1000.0,20.450014000000003,187.721002,446.457153,689.111216,26.427836,72.959808
2553,563,3,68,1,402.439493,940.0,21.472514,167.07169199999998,482.173725,702.89344,21.935104,75.14860300000001
2556,564,1,126,1,382.317518,874.2,19.539988,183.778861,496.638937,709.922374,25.664071,78.906033
2560,565,0,124,1,382.317518,874.2,19.539988,183.778861,496.638937,709.922374,25.664071,78.906033
2566,566,1,104,1,340.26259100000004,830.49,17.781389,178.265495,417.17670699999996,603.4340179999999,24.637508,86.007576
2570,567,0,230,1,340.26259100000004,830.49,17.781389,178.265495,417.17670699999996,603.4340179999999,24.637508,86.007576
2578,568,3,130,1,370.886224,988.2831,15.469809,171.134876,358.771968,512.9189150000001,27.101259000000002,73.966515
2581,569,1,54,1,400.557122,998.165931,16.243299,195.093758,373.12284700000004,482.14378,31.166448,69.528524
2589,570,4,97,1,364.506981,1000.0,13.969237,165.829694,373.12284700000004,429.10796500000004,36.776409,73.00495
2591,571,1,114,1,313.476004,880.0,12.292928999999999,194.02074199999998,332.07933399999996,403.361487,31.259946999999997,67.16455400000001
2595,572,0,96,1,313.476004,880.0,12.292928999999999,194.02074199999998,332.07933399999996,403.361487,31.259946999999997,67.16455400000001
2600,573,0,184,1,313.476004,880.0,12.292928999999999,194.02074199999998,332.07933399999996,403.361487,31.259946999999997,67.16455400000001
2605,574,0,108,1,313.476004,880.0,12.292928999999999,194.02074199999998,332.07933399999996,403.361487,31.259946999999997,67.16455400000001
2614,575,4,103,1,275.858883,739.2,11.186565,180.43929,282.267434,350.92449300000004,32.197746,70.52278199999999
2617,576,2,118,1,325.513482,842.688,9.844177,202.092005,299.20347999999996,414.090902,28.977971000000004,69.817554
2624,577,4,70,1,345.044291,758.4192,9.45041,214.21752599999996,299.20347999999996,492.76817400000004,27.239293,61.439448
2628,578,3,102,1,407.152264,781.171776,10.962475999999999,244.207979,323.13975800000003,586.3941269999999,31.597579999999997,54.066714000000005
2633,579,3,246,1,484.51119400000005,695.242881,10.523977,229.5555,368.379324,492.57106600000003,27.173919,61.636054
2638,580,3,118,1,387.608955,799.529313,9.892538,160.68885,456.790362,591.08528,28.804353999999996,77.661428
